2,1,n661,0
3,2,n1,0
4,3,cent2142,2
5,2,n2,0
6,5,nucl1643,3
7,5,miya1259,3
8,2,n4,0
9,8,n3,2
10,9,gras1249,1
11,9,koit1244,1
12,2,n5,0
13,12,chac1251,2
14,12,amah1246,2
15,2,n6,0
16,15,chec1245,1
17,2,n7,0
18,17,cusc1236,4
19,2,n8,0
20,19,nort2747,5
21,19,kimm1245,3
22,2,n9,0
23,22,kwom1262,2
24,2,n10,0
25,24,ambu1247,2
26,24,iatm1242,3
27,2,n23,0
28,27,n11,1
29,28,beri1255,1
30,28,east2533,1
31,27,n22,1
32,31,n18,1
33,32,n12,1
34,33,baff1240,1
35,33,labr1244,1
36,33,queb1248,1
37,32,n15,1
38,37,n13,1
39,38,anak1241,1
40,38,nort2944,1
41,38,poin1245,1
42,37,n14,1
43,42,kobu1239,1
44,42,kotz1238,1
45,32,n16,1
46,45,east2535,1
47,45,pola1254,1
48,45,west2617,1
49,32,n17,1
50,49,cari1277,1
51,49,copp1244,1
52,49,nets1241,1
53,49,sigl1242,1
54,31,n21,1
55,54,n19,1
56,55,paci1278,1
57,55,kusk1241,2
58,54,n20,1
59,58,aiwa1238,1
60,58,chap1266,1
61,2,n27,0
62,61,chuv1255,2
63,61,n26,3
64,63,n25,1
65,64,n24,1
66,65,kara1464,1
67,65,kumy1244,1
68,64,kaza1248,2
69,64,bash1264,2
70,63,qash1240,2
71,63,gaga1249,2
72,2,n30,0
73,72,n29,2
74,73,tule1245,1
75,73,n28,1
76,75,nort2937,1
77,75,vall1251,1
78,2,n73,0
79,78,n32,1
80,79,guan1277,1
81,79,n31,1
82,81,tari1263,1
83,81,tumz1238,2
84,79,kaby1243,2
85,79,ghat1242,3
86,78,n48,1
87,86,n39,1
88,87,n36,1
89,88,n34,1
90,89,n33,1
91,90,marg1265,2
92,90,bura1292,2
93,89,park1239,3
94,88,n35,1
95,94,musg1254,3
96,94,budu1265,2
97,88,psik1239,2
98,88,lagw1237,2
99,88,sout3051,2
100,87,n38,1
101,100,n37,2
102,101,baca1246,1
103,101,bata1314,1
104,101,gude1246,2
105,100,mafa1239,2
106,100,hwan1240,3
107,86,n47,1
108,107,n45,1
109,108,n41,1
110,109,n40,1
111,110,kano1249,2
112,110,araw1280,2
113,108,n44,1
114,113,n43,1
115,114,n42,1
116,115,kare1348,1
117,115,nucl1695,6
118,114,dera1248,2
119,113,ngas1240,2
120,107,n46,1
121,120,ngiz1242,3
122,120,bogh1241,4
123,86,masa1322,4
124,78,n59,1
125,124,n49,1
126,125,abab1239,1
127,125,amar1281,1
128,125,bish1251,1
129,125,hade1248,1
130,124,n50,2
131,130,qima1242,1
132,130,bili1260,2
133,124,n57,1
134,133,n51,1
135,134,burj1242,1
136,134,gede1246,3
137,133,n56,1
138,137,n55,2
139,138,n53,1
140,139,n52,1
141,140,west2721,1
142,140,bora1271,3
143,139,kons1243,2
144,138,n54,2
145,144,arbo1245,1
146,144,daas1238,1
147,137,afar1241,2
148,124,n58,4
149,148,goro1270,1
150,148,iraq1241,1
151,78,egyp1246,2
152,78,n72,2
153,152,n71,1
154,153,n70,2
155,154,n61,1
156,155,n60,1
157,156,nort3137,1
158,156,sout3119,1
159,155,sana1295,1
160,154,n63,2
161,160,egyp1253,1
162,160,said1239,1
163,160,n62,2
164,163,khar1296,1
165,163,nort3133,1
166,163,west2773,1
167,154,n65,1
168,167,n64,1
169,168,nort3140,1
170,168,nort3141,1
171,168,sunn1238,1
172,167,sout3123,1
173,154,n69,1
174,173,n66,1
175,174,algi1247,1
176,174,cons1245,1
177,174,oran1236,1
178,173,hass1238,1
179,173,liby1240,1
180,173,n67,2
181,180,jebl1238,1
182,180,sout3117,1
183,173,n68,1
184,183,sahi1245,1
185,183,sout3114,1
186,183,tuni1260,1
187,154,meso1252,2
188,153,hebr1245,4
189,152,amha1245,5
190,2,n78,0
191,190,n74,1
192,191,anfi1235,1
193,191,kafa1242,2
194,190,n76,1
195,194,n75,1
196,195,bask1236,1
197,195,male1284,1
198,195,dorz1235,2
199,194,koor1239,2
200,190,n77,1
201,200,fuga1235,1
202,200,toba1264,1
203,2,n79,0
204,203,orok1267,2
205,2,n80,0
206,205,kuna1268,1
207,2,n84,0
208,207,n82,1
209,208,n81,1
210,209,nana1257,1
211,209,orok1265,2
212,208,oroc1248,2
213,207,n83,2
214,213,even1259,1
215,213,negi1245,1
216,213,oroq1238,1
217,207,manc1252,3
218,2,n85,0
219,218,nezp1238,1
220,2,n86,0
221,220,pidg1246,2
222,2,n87,0
223,222,isth1238,6
224,222,high1276,3
225,2,n89,0
226,225,east2545,1
227,225,n88,1
228,227,nort2966,2
229,227,sout2984,2
230,2,n90,0
231,230,leng1262,1
232,2,n105,0
233,232,n91,1
234,233,arap1274,1
235,233,gros1243,1
236,232,chey1247,1
237,232,n93,1
238,237,n92,1
239,238,plai1258,1
240,238,sout2978,1
241,238,swam1239,1
242,237,mont1268,1
243,237,nask1242,1
244,232,n94,1
245,244,mikm1235,1
246,244,peno1243,2
247,232,n103,1
248,247,miam1252,1
249,247,n102,1
250,249,n101,1
251,250,n99,1
252,251,n96,1
253,252,cent2136,1
254,252,n95,1
255,254,redl1238,1
256,254,uppe1274,1
257,252,east2542,1
258,251,n98,1
259,258,n97,1
260,259,alba1270,1
261,259,lacs1238,1
262,259,rain1239,1
263,258,west1510,1
264,250,otta1242,1
265,250,n100,2
266,265,seve1241,1
267,265,wini1244,1
268,249,pota1247,1
269,247,kick1244,2
270,232,meno1252,1
271,232,n104,1
272,271,bloo1239,1
273,271,pieg1239,1
274,2,n106,0
275,274,misk1235,1
276,2,n114,0
277,276,bell1243,1
278,276,n109,1
279,278,clal1241,1
280,278,n107,1
281,280,isla1276,1
282,280,slia1241,1
283,278,n108,1
284,283,chil1281,1
285,283,cowi1241,1
286,276,n112,1
287,286,n111,1
288,287,coeu1236,1
289,287,n110,1
290,289,sanp1257,1
291,289,sout2963,1
292,287,wena1241,2
293,287,kali1309,3
294,286,lill1248,2
295,276,n113,2
296,295,lowe1427,1
297,295,quin1251,1
298,2,n124,0
299,298,n123,1
300,299,n118,1
301,300,n116,1
302,301,n115,1
303,302,dand1238,2
304,302,koya1251,2
305,301,nort2702,2
306,300,n117,1
307,306,chen1255,1
308,306,mukh1238,1
309,300,kuii1252,4
310,299,n122,2
311,310,jenn1240,3
312,310,n121,4
313,312,koda1255,1
314,312,n120,1
315,314,n119,1
316,315,kada1242,1
317,315,mala1464,1
318,315,pali1274,1
319,314,mala1468,2
320,298,kuru1302,4
321,2,n125,0
322,321,hlai1239,3
323,2,n131,0
324,323,n130,1
325,324,n128,1
326,325,n127,1
327,326,n126,1
328,327,kaqc1270,2
329,327,kich1262,2
330,326,poqo1253,2
331,325,mamm1241,3
332,324,n129,1
333,332,popt1235,4
334,332,chor1273,4
335,324,laca1243,3
336,323,huas1242,2
337,2,n132,0
338,337,gily1242,1
339,2,n137,0
340,339,n136,1
341,340,n135,1
342,341,awet1244,1
343,341,n134,1
344,343,kama1373,1
345,343,n133,1
346,345,ache1246,1
347,345,mbya1239,2
348,345,east2555,3
349,343,coca1259,3
350,340,sate1243,1
351,339,mund1330,2
352,2,n138,0
353,352,nucl1622,1
354,2,n139,0
355,354,kima1246,2
356,2,n140,0
357,356,quil1240,1
358,2,n141,0
359,358,cham1315,1
360,2,n142,0
361,360,apuc1241,3
362,2,n143,0
363,362,namb1293,1
364,2,n144,0
365,364,sout2994,2
366,2,n145,0
367,366,tang1355,4
368,2,n146,0
369,368,hozo1236,3
370,2,n162,0
371,370,n152,1
372,371,n147,1
373,372,biss1248,1
374,372,sout2844,3
375,371,n151,1
376,375,n150,2
377,376,n149,1
378,377,n148,1
379,378,gwee1242,1
380,377,tour1242,2
381,376,guro1248,2
382,375,gagu1242,3
383,370,n161,1
384,383,n158,1
385,384,n153,3
386,385,band1352,2
387,385,mend1266,2
388,384,n157,4
389,388,n156,1
390,389,n154,1
391,390,bamb1269,1
392,390,dyul1238,1
393,389,n155,2
394,393,west2500,1
395,393,xaas1235,1
396,388,kura1250,2
397,383,n160,1
398,397,nort2819,3
399,397,n159,3
400,399,jena1242,1
401,399,tiey1235,2
402,2,n175,0
403,402,n169,1
404,403,n164,2
405,404,n163,1
406,405,cahu1264,1
407,405,cupe1243,1
408,404,luis1253,1
409,403,hopi1249,1
410,403,n168,1
411,410,n165,1
412,411,coma1245,1
413,411,pana1305,1
414,410,n167,1
415,414,mono1275,1
416,414,n166,1
417,416,bann1248,1
418,416,nort1551,1
419,416,sout2967,1
420,402,n174,1
421,420,n171,1
422,421,n170,3
423,422,cent2132,1
424,422,clas1250,1
425,421,huic1243,2
426,420,n173,1
427,426,n172,2
428,427,akim1239,1
429,427,toho1246,1
430,426,nort2959,2
431,420,opat1246,2
432,2,n176,0
433,432,nort2745,1
434,2,n177,0
435,434,fuyu1242,1
436,2,n192,0
437,436,n178,1
438,437,kach1280,3
439,437,garo1247,2
440,436,n179,1
441,440,lepc1244,1
442,440,east2352,4
443,436,n187,1
444,443,n181,1
445,444,n180,1
446,445,sent1260,1
447,445,mara1382,2
448,444,lush1249,3
449,444,aimo1244,3
450,444,puru1266,4
451,443,n186,1
452,451,n185,1
453,452,n183,1
454,453,n182,1
455,454,sout2732,1
456,454,sumi1235,1
457,453,anga1288,3
458,452,n184,1
459,458,aona1235,1
460,458,loth1237,1
461,451,karb1241,2
462,436,n188,1
463,462,mand1415,3
464,462,minn1241,3
465,436,n191,2
466,465,n189,3
467,466,rakh1245,2
468,466,nucl1310,2
469,465,n190,1
470,469,akha1245,6
471,469,sich1238,6
472,436,pwow1235,5
473,436,cent2004,4
474,436,bori1243,4
475,436,tibe1272,5
476,2,n193,0
477,476,gitx1241,2
478,2,n194,0
479,478,nara1262,1
480,2,n201,0
481,480,n200,1
482,481,mand1446,1
483,481,n198,1
484,483,n195,1
485,484,assi1247,1
486,484,dako1258,1
487,484,lako1247,1
488,483,n196,2
489,488,omah1248,1
490,488,ponc1241,1
491,483,n197,2
492,491,iowa1246,1
493,491,otoo1241,1
494,481,n199,1
495,494,crow1244,1
496,494,hida1246,1
497,480,cata1286,2
498,2,n202,0
499,498,mapu1245,1
500,2,n203,0
501,500,bank1259,2
502,2,n204,0
503,502,kore1280,1
504,2,n205,0
505,504,kadi1248,1
506,504,abip1241,2
507,2,n206,0
508,507,ngil1242,1
509,2,n207,0
510,509,iyow1239,3
511,2,n208,0
512,511,sout2949,1
513,2,n209,0
514,513,buru1296,1
515,2,n210,0
516,515,chin1286,2
517,2,n211,0
518,517,yana1271,1
519,2,n212,0
520,519,nort2972,4
521,2,n216,0
522,521,n214,1
523,522,hais1244,1
524,522,n213,1
525,524,kwak1269,1
526,524,bell1263,2
527,521,n215,1
528,527,maka1318,1
529,527,nuuc1236,2
530,2,n217,0
531,530,ainu1240,1
532,2,n219,0
533,532,n218,3
534,533,imer1248,1
535,533,xevs1238,1
536,2,n220,0
537,536,muru1274,1
538,2,n222,0
539,538,n221,2
540,539,labo1236,1
541,539,west1508,1
542,2,n223,0
543,542,nuka1242,1
544,2,n225,0
545,544,n224,1
546,545,coch1273,1
547,545,sant1426,1
548,545,sant1425,1
549,545,ziaa1251,1
550,544,acom1246,2
551,2,n256,0
552,551,n229,1
553,552,n226,1
554,553,latv1249,1
555,553,lith1251,1
556,552,n228,1
557,556,n227,1
558,557,bela1254,1
559,557,russ1263,1
560,556,czec1258,4
561,556,bulg1262,4
562,551,n244,1
563,562,n235,1
564,563,n230,1
565,564,mait1250,3
566,564,bhoj1244,3
567,563,n231,2
568,567,bhil1251,2
569,567,chha1249,2
570,567,guja1252,3
571,563,n232,1
572,571,kash1277,1
573,571,indu1241,3
574,571,shin1264,2
575,571,panj1256,3
576,563,n234,2
577,576,n233,2
578,577,beng1280,1
579,577,chak1266,2
580,576,nucl1284,2
581,563,maha1287,4
582,562,n243,1
583,582,n237,1
584,583,osse1243,3
585,583,n236,4
586,585,ghil1238,1
587,585,yusu1238,2
588,582,n242,1
589,588,n238,1
590,589,east2304,2
591,589,cent1972,3
592,588,n241,1
593,592,n240,2
594,593,n239,1
595,594,bass1257,1
596,594,tehr1242,1
597,593,haza1239,2
598,592,bakh1245,3
599,562,kamv1242,3
600,551,n251,4
601,600,lati1261,1
602,600,n250,1
603,602,n248,1
604,603,n247,2
605,604,n245,5
606,605,hait1244,2
607,605,stan1290,2
608,604,n246,6
609,608,braz1246,1
610,608,gali1257,1
611,603,neap1235,3
612,602,n249,3
613,612,baya1254,1
614,612,mold1247,1
615,551,gheg1238,2
616,551,nucl1235,3
617,551,iris1253,7
618,551,n255,2
619,618,n254,1
620,619,n252,2
621,620,afri1274,2
622,620,dutc1256,4
623,619,n253,5
624,623,stan1293,1
625,623,ndyu1242,5
626,618,icel1247,4
627,551,mode1248,5
628,2,n311,0
629,628,n310,1
630,629,bunu1267,1
631,629,n309,1
632,631,n294,1
633,632,n257,1
634,633,keii1239,3
635,633,alor1247,6
636,633,kodi1247,4
637,632,n293,2
638,637,n267,1
639,638,n266,1
640,639,n259,1
641,640,n258,1
642,641,bauu1243,1
643,641,nort2843,1
644,640,laua1243,1
645,639,n265,1
646,645,n264,1
647,646,east2447,1
648,646,n263,1
649,648,n262,2
650,649,n261,1
651,650,n260,1
652,651,hawa1245,1
653,651,mang1401,1
654,651,maor1246,1
655,651,penr1237,1
656,651,raka1237,1
657,651,tuam1242,1
658,651,raro1241,2
659,651,nort2845,2
660,650,rapa1244,1
661,649,onto1237,2
662,648,kapi1249,2
663,646,puka1242,1
664,646,renn1242,1
665,645,niue1239,2
666,638,rotu1241,1
667,637,n276,1
668,667,n275,1
669,668,n274,1
670,669,n268,1
671,670,bana1287,1
672,670,nuii1237,1
673,669,n273,1
674,673,n269,1
675,674,rata1243,1
676,674,rali1241,1
677,673,n272,1
678,677,pohn1238,2
679,677,n271,3
680,679,n270,2
681,680,chuu1238,1
682,680,mort1237,1
683,679,caro1242,3
684,668,kosr1238,1
685,667,naur1243,1
686,637,n278,1
687,686,n277,1
688,687,nort2839,2
689,687,lame1260,4
690,686,mota1237,3
691,637,n280,2
692,691,long1395,1
693,691,n279,1
694,693,saaa1240,1
695,693,kwai1243,3
696,637,n282,1
697,696,n281,1
698,697,siee1239,2
699,697,sout2869,3
700,696,ajie1238,4
701,637,n292,1
702,701,n284,1
703,702,n283,1
704,703,bola1250,2
705,703,naka1262,2
706,702,nots1237,3
707,701,n286,1
708,707,n285,1
709,708,adze1240,3
710,708,buga1250,2
711,707,bong1287,3
712,707,mana1295,6
713,701,n291,1
714,713,n288,1
715,714,n287,2
716,715,motu1246,1
717,715,meke1243,2
718,714,kili1267,4
719,713,n290,2
720,719,n289,1
721,720,moli1248,1
722,720,bwai1242,2
723,719,dobu1241,2
724,637,dehu1237,2
725,637,natu1246,4
726,637,lele1270,6
727,631,cham1312,1
728,631,n296,1
729,728,n295,2
730,729,cebu1242,1
731,729,akla1241,3
732,728,west2555,6
733,728,hanu1241,2
734,728,bata1301,4
735,631,n297,1
736,735,west2563,4
737,735,cent2100,5
738,631,n301,1
739,738,cent2084,4
740,738,n299,4
741,740,n298,1
742,741,bata1298,3
743,741,cent2292,3
744,740,lubu1243,4
745,738,n300,2
746,745,casi1235,1
747,745,agta1234,2
748,631,n302,1
749,748,ment1249,3
750,748,bata1289,4
751,631,pala1344,1
752,631,koro1310,4
753,631,boto1242,4
754,631,java1254,3
755,631,n306,2
756,755,n303,2
757,756,east2563,3
758,756,rade1240,3
759,755,n305,1
760,759,n304,1
761,760,iban1264,2
762,760,kubu1239,2
763,760,mina1268,2
764,759,ambo1250,4
765,755,bali1278,2
766,631,moke1242,2
767,631,n308,3
768,767,n307,5
769,768,bets1235,1
770,768,meri1243,1
771,768,tana1285,1
772,767,masi1268,3
773,631,maka1311,4
774,629,paiw1248,1
775,629,amis1246,3
776,628,puyu1239,1
777,2,n312,0
778,777,patw1250,1
779,777,wint1259,1
780,2,n316,0
781,780,n314,2
782,781,haio1238,1
783,781,n313,1
784,783,dama1270,1
785,783,nama1265,1
786,780,n315,3
787,786,naro1249,1
788,786,gwii1239,2
789,2,n318,0
790,789,cree1270,1
791,789,mika1239,1
792,789,n317,1
793,792,chic1270,1
794,792,choc1276,1
795,2,n335,0
796,795,n324,1
797,796,n320,1
798,797,n319,1
799,798,kuku1285,1
800,798,ligo1238,1
801,798,poju1239,1
802,797,kakw1240,1
803,797,mand1425,1
804,796,n323,1
805,804,n321,1
806,805,otuh1238,2
807,805,masa1300,3
808,804,n322,3
809,808,jiee1239,1
810,808,nucl1430,1
811,795,n327,2
812,811,n325,2
813,812,keiy1238,1
814,812,nand1266,1
815,811,kups1238,2
816,811,n326,2
817,816,east2420,1
818,816,west2492,1
819,811,okie1245,2
820,795,n334,1
821,820,n328,1
822,821,sout2832,2
823,821,nuer1246,2
824,820,n333,1
825,824,n329,1
826,825,anua1242,1
827,825,pari1256,1
828,824,n332,1
829,828,n330,1
830,829,dhop1238,1
831,829,labw1238,1
832,828,n331,1
833,832,alur1250,1
834,832,luok1236,2
835,828,lang1324,2
836,824,maba1273,2
837,2,n336,0
838,837,didi1258,4
839,837,meen1242,3
840,2,n337,0
841,840,mido1240,1
842,840,dill1242,4
843,2,n338,0
844,843,kron1241,3
845,2,n343,0
846,845,n340,1
847,846,n339,1
848,847,ngab1239,2
849,847,bord1248,2
850,846,brib1243,3
851,845,n342,1
852,851,n341,1
853,852,bari1297,1
854,852,chib1270,2
855,852,cent2150,2
856,851,cogu1240,3
857,2,n344,0
858,857,mail1248,1
859,2,n353,0
860,859,n346,1
861,860,lomb1254,1
862,860,n345,2
863,862,nucl1420,1
864,862,popo1291,1
865,859,n348,2
866,865,n347,1
867,866,efee1239,1
868,866,lese1243,1
869,865,mamv1243,1
870,859,n350,1
871,870,n349,1
872,871,logo1259,1
873,871,lugb1240,1
874,870,moru1253,1
875,870,madi1260,2
876,859,n352,1
877,876,bong1285,1
878,876,jurm1239,4
879,876,n351,3
880,879,bagi1246,2
881,879,sarr1246,3
882,859,lend1245,2
883,2,n355,0
884,883,n354,2
885,884,anin1240,1
886,884,nung1290,1
887,883,gunw1252,3
888,2,n356,0
889,888,abkh1244,2
890,888,kaba1278,2
891,2,n361,0
892,891,n360,1
893,892,n358,1
894,893,coco1261,1
895,893,n357,1
896,895,kimi1238,1
897,895,tipa1240,1
898,892,n359,1
899,898,mari1440,1
900,898,moha1256,1
901,891,kili1268,1
902,2,n362,0
903,902,kett1243,2
904,2,n363,0
905,904,yano1261,4
906,2,n364,0
907,906,kitj1240,1
908,2,n365,0
909,908,nucl1595,2
910,2,n366,0
911,910,cube1242,3
912,2,n368,0
913,912,n367,1
914,913,kane1243,2
915,913,mang1399,3
916,912,daza1242,2
917,2,n369,0
918,917,boro1282,2
919,2,n370,0
920,919,sanm1287,2
921,2,n371,0
922,921,bumb1241,1
923,2,n372,0
924,923,foii1241,1
925,2,n373,0
926,925,cher1273,1
927,2,n374,0
928,927,kiow1266,1
929,2,n380,0
930,929,n377,1
931,930,n376,1
932,931,n375,1
933,932,lame1256,1
934,932,west2396,4
935,931,shwe1236,3
936,930,khas1269,4
937,929,n378,2
938,937,nucl1298,1
939,937,sout2688,1
940,929,east2333,5
941,929,mlab1235,2
942,929,carn1240,2
943,929,n379,4
944,943,birh1242,1
945,943,hooo1248,2
946,929,kens1248,6
947,929,muon1246,4
948,2,n381,0
949,948,guah1255,3
950,2,n383,0
951,950,n382,1
952,951,coas1301,1
953,951,lake1258,1
954,950,cent2140,3
955,2,n384,0
956,955,huaa1248,3
957,955,nuuu1241,2
958,2,n546,0
959,958,n386,1
960,959,n385,1
961,960,sher1258,2
962,960,nort2765,2
963,959,gola1255,1
964,959,baga1273,2
965,958,n393,1
966,965,n388,1
967,966,n387,1
968,967,bala1301,2
969,967,pape1239,2
970,967,jola1263,3
971,966,bidy1244,1
972,965,n392,1
973,972,biaf1240,1
974,972,n390,2
975,974,n389,1
976,975,west2454,1
977,975,boro1274,2
978,974,pula1263,1
979,974,adam1253,2
980,974,pula1262,2
981,972,n391,1
982,981,wame1240,1
983,981,bass1258,3
984,972,bain1259,3
985,958,n545,1
986,985,n501,1
987,986,n395,2
988,987,n394,1
989,988,yekh1238,3
990,988,bini1246,2
991,987,isok1239,2
992,986,n482,1
993,992,n397,1
994,993,n396,1
995,994,ndoo1241,1
996,994,came1252,6
997,993,samb1311,3
998,992,n481,1
999,998,n473,1
1000,999,n400,1
1001,1000,bali1274,1
1002,1000,n399,2
1003,1002,bera1259,1
1004,1002,n398,1
1005,1004,kang1285,1
1006,1004,komo1260,1
1007,1004,bila1255,2
1008,999,n405,1
1009,1008,n402,1
1010,1009,kwas1243,2
1011,1009,n401,2
1012,1011,bomw1238,1
1013,1011,njye1238,2
1014,1008,n404,1
1015,1014,n403,1
1016,1015,mokp1239,1
1017,1015,orok1266,1
1018,1014,bata1285,2
1019,1014,dual1243,3
1020,1008,bafi1243,4
1021,1008,bako1249,3
1022,1008,kota1274,4
1023,1008,fang1246,2
1024,1008,myen1241,2
1025,999,bube1242,1
1026,999,n428,1
1027,1026,n412,1
1028,1027,n409,3
1029,1028,n406,2
1030,1029,ekon1238,1
1031,1029,long1393,1
1032,1029,nkun1238,1
1033,1028,n408,1
1034,1033,n407,2
1035,1034,bush1247,1
1036,1034,lele1265,1
1037,1033,kusu1252,2
1038,1027,n411,1
1039,1038,luse1252,1
1040,1038,n410,3
1041,1040,binj1250,1
1042,1040,doko1244,1
1043,1038,ling1263,8
1044,1038,budz1238,3
1045,1026,n413,2
1046,1045,kele1255,2
1047,1045,poke1238,2
1048,1026,n415,2
1049,1048,n414,1
1050,1049,kaon1241,1
1051,1049,luba1250,1
1052,1049,sang1331,1
1053,1048,luba1249,3
1054,1026,n425,1
1055,1054,n416,2
1056,1055,phen1239,3
1057,1055,mbal1257,2
1058,1054,n424,1
1059,1058,n420,1
1060,1059,n419,1
1061,1060,n417,1
1062,1061,chok1245,1
1063,1061,luva1239,1
1064,1060,n418,1
1065,1064,luch1239,1
1066,1064,luim1238,2
1067,1059,lund1266,3
1068,1058,n423,1
1069,1068,n422,1
1070,1069,n421,1
1071,1070,nkhu1238,1
1072,1070,nyan1305,1
1073,1069,here1253,2
1074,1069,ndon1254,3
1075,1068,umbu1257,1
1076,1026,n426,1
1077,1076,mpuo1241,2
1078,1076,ding1239,2
1079,1026,n427,3
1080,1079,bamb1264,1
1081,1079,beka1240,1
1082,1026,teke1278,3
1083,1026,sans1272,4
1084,999,n472,1
1085,1084,n431,3
1086,1085,n429,1
1087,1086,lala1264,1
1088,1086,lamb1271,1
1089,1085,n430,2
1090,1089,luun1238,1
1091,1089,town1238,1
1092,1084,n437,1
1093,1092,n435,2
1094,1093,n432,1
1095,1094,fipa1238,1
1096,1094,mamb1296,1
1097,1093,n434,1
1098,1097,nyam1275,1
1099,1097,n433,2
1100,1099,bend1258,1
1101,1099,pimb1238,1
1102,1092,n436,2
1103,1102,ngon1268,1
1104,1102,nyak1261,1
1105,1084,n438,1
1106,1105,lang1320,1
1107,1105,mbug1242,1
1108,1084,n463,1
1109,1108,n439,1
1110,1109,kamb1297,2
1111,1109,meru1245,2
1112,1109,kiku1240,3
1113,1108,n450,1
1114,1113,n440,1
1115,1114,gusi1247,3
1116,1114,kara1481,2
1117,1113,n442,2
1118,1117,idak1243,1
1119,1117,n441,2
1120,1119,buku1249,1
1121,1119,masa1299,1
1122,1113,n446,1
1123,1122,kere1283,1
1124,1122,n445,1
1125,1124,n444,2
1126,1125,n443,1
1127,1126,chig1238,1
1128,1126,nyan1307,1
1129,1125,nyor1246,2
1130,1124,haya1250,2
1131,1122,gand1255,2
1132,1113,n449,1
1133,1132,n448,1
1134,1133,n447,1
1135,1134,haaa1252,1
1136,1134,kiny1244,1
1137,1134,rund1242,1
1138,1133,hund1239,2
1139,1132,konz1239,2
1140,1108,n451,1
1141,1140,moch1256,4
1142,1140,tait1250,2
1143,1108,n459,1
1144,1143,n455,1
1145,1144,n452,1
1146,1145,lugu1238,1
1147,1145,kwer1261,2
1148,1144,kagu1239,1
1149,1144,n454,1
1150,1149,gogo1263,1
1151,1149,n453,1
1152,1151,sham1280,2
1153,1151,ngul1246,2
1154,1143,asut1235,2
1155,1143,n458,2
1156,1155,n457,1
1157,1156,n456,1
1158,1157,duru1249,1
1159,1157,giry1241,1
1160,1156,digo1243,2
1161,1155,poko1261,1
1162,1108,n462,1
1163,1162,n460,1
1164,1163,bena1262,1
1165,1163,hehe1240,1
1166,1162,n461,1
1167,1166,mand1423,1
1168,1166,ngon1269,1
1169,1108,nyam1276,3
1170,1084,n465,1
1171,1170,kund1255,1
1172,1170,n464,2
1173,1172,chew1246,1
1174,1172,nucl1395,1
1175,1084,n470,1
1176,1175,n466,2
1177,1176,copi1238,1
1178,1176,leng1257,1
1179,1175,nort2795,4
1180,1175,n469,2
1181,1180,n468,2
1182,1181,n467,3
1183,1182,lobe1242,1
1184,1182,tswe1238,1
1185,1181,lozi1239,2
1186,1180,makh1264,3
1187,1084,n471,3
1188,1187,lega1249,3
1189,1187,buyu1239,3
1190,1084,nyat1246,2
1191,1084,ilaa1246,4
1192,1084,mako1251,3
1193,1084,ndau1241,3
1194,999,budu1250,3
1195,998,n480,2
1196,1195,n477,1
1197,1196,n474,1
1198,1197,fefe1239,1
1199,1197,kwaa1265,1
1200,1196,n476,1
1201,1200,n475,1
1202,1201,bamu1253,2
1203,1201,mung1266,2
1204,1200,bafu1246,3
1205,1200,limb1268,2
1206,1195,n479,1
1207,1206,n478,1
1208,1207,komc1235,1
1209,1207,mmen1238,1
1210,1206,lamn1239,1
1211,1195,meta1238,3
1212,998,boky1238,2
1213,998,ejag1239,5
1214,998,keny1279,2
1215,998,bita1251,3
1216,986,n484,1
1217,1216,eloy1241,1
1218,1216,n483,4
1219,1218,kago1246,1
1220,1218,kata1265,1
1221,1216,bero1242,3
1222,1216,kada1284,2
1223,1216,ashe1269,4
1224,986,n486,2
1225,1224,n485,1
1226,1225,isek1239,1
1227,1225,ifee1241,4
1228,1224,igal1242,1
1229,986,n487,4
1230,1229,efik1245,1
1231,1229,ibib1240,1
1232,986,n489,1
1233,1232,n488,2
1234,1233,afik1238,1
1235,986,n492,2
1236,1235,n491,1
1237,1236,n490,1
1238,1237,jibu1239,1
1239,1237,juku1254,1
1240,1236,tigo1236,1
1241,1235,etky1238,2
1242,986,n498,1
1243,1242,n497,1
1244,1243,n496,1
1245,1244,n495,1
1246,1245,n494,1
1247,1246,n493,1
1248,1247,gbir1241,1
1249,1247,kura1249,1
1250,1246,igut1238,3
1251,1245,atsa1241,2
1252,1244,basa1282,2
1253,1243,clel1238,3
1254,1243,cind1241,4
1255,1242,resh1242,2
1256,986,n500,1
1257,1256,ebir1243,1
1258,1256,n499,1
1259,1258,gbar1246,2
1260,1258,nupe1254,4
1261,986,idom1241,5
1262,985,n505,1
1263,1262,n502,1
1264,1263,bakw1243,2
1265,1263,guib1246,3
1266,1262,n504,1
1267,1266,n503,2
1268,1267,sapo1251,1
1269,1267,west2488,1
1270,1266,klao1243,2
1271,985,n516,1
1272,1271,n506,1
1273,1272,adan1247,1
1274,1272,gaaa1244,1
1275,1271,n508,1
1276,1275,n507,2
1277,1276,aguu1242,1
1278,1276,awun1244,1
1279,1275,fonn1241,2
1280,1271,n515,1
1281,1280,atti1239,1
1282,1280,n509,1
1283,1282,alla1248,1
1284,1282,avik1243,1
1285,1280,n514,2
1286,1285,n513,1
1287,1286,n511,1
1288,1287,abro1238,1
1289,1287,n510,1
1290,1289,akye1239,1
1291,1289,asan1239,1
1292,1289,fant1241,1
1293,1286,n512,2
1294,1293,baou1238,1
1295,1293,anyi1245,2
1296,1285,abur1243,2
1297,1271,siwu1238,4
1298,985,n544,1
1299,1298,n523,1
1300,1299,n520,1
1301,1300,n518,1
1302,1301,n517,1
1303,1302,samb1305,3
1304,1302,doya1240,3
1305,1301,nucl1240,3
1306,1300,n519,2
1307,1306,mbum1254,1
1308,1306,laka1252,2
1309,1306,mund1325,4
1310,1299,n522,1
1311,1310,nort2774,4
1312,1310,n521,4
1313,1312,ngba1284,3
1314,1312,baka1272,3
1315,1310,west2458,2
1316,1310,bara1361,3
1317,1298,n524,1
1318,1317,nort2775,2
1319,1317,manz1243,5
1320,1298,n542,1
1321,1320,n541,1
1322,1321,n528,1
1323,1322,n526,1
1324,1323,n525,2
1325,1324,kabi1261,2
1326,1324,temm1241,2
1327,1323,sout2795,4
1328,1322,n527,1
1329,1328,dyan1251,1
1330,1328,lobi1245,1
1331,1322,dogo1295,3
1332,1321,n540,3
1333,1332,buli1254,2
1334,1332,n539,2
1335,1334,n530,2
1336,1335,n529,2
1337,1336,gour1243,1
1338,1336,moba1244,2
1339,1335,ntch1242,2
1340,1334,n538,2
1341,1340,n535,1
1342,1341,n532,1
1343,1342,n531,2
1344,1343,nank1249,1
1345,1343,taln1239,1
1346,1342,moss1236,2
1347,1341,n534,2
1348,1347,n533,2
1349,1348,malb1235,1
1350,1348,sout2790,1
1351,1347,sout2789,2
1352,1340,n537,1
1353,1352,kusa1250,1
1354,1352,n536,1
1355,1354,dagb1246,1
1356,1354,mamp1244,1
1357,1321,long1389,2
1358,1320,boun1243,3
1359,1298,n543,1
1360,1359,ceba1235,2
1361,1359,mama1271,2
1362,985,nort2770,3
1363,2,n549,0
1364,1363,daur1238,1
1365,1363,mogh1245,1
1366,1363,n548,3
1367,1366,n547,1
1368,1367,halh1238,1
1369,1367,peri1253,1
1370,1366,russ1264,2
1371,1363,tuuu1240,3
1372,2,n559,0
1373,1372,n553,1
1374,1373,n552,1
1375,1374,n551,2
1376,1375,pint1250,1
1377,1375,n550,2
1378,1377,ngaa1240,1
1379,1377,pitj1243,1
1380,1377,yank1247,1
1381,1374,mart1256,3
1382,1373,kara1476,2
1383,1373,jaru1254,4
1384,1372,n554,1
1385,1384,mamu1253,1
1386,1384,ngad1260,1
1387,1372,kala1377,1
1388,1372,n555,1
1389,1388,band1339,3
1390,1388,narr1259,4
1391,1388,gami1243,2
1392,1372,n556,1
1393,1392,dhuw1249,5
1394,1392,djin1252,2
1395,1372,darl1243,2
1396,1372,kuku1273,3
1397,1372,n558,2
1398,1397,n557,1
1399,1398,alya1239,1
1400,1398,east2379,1
1401,1397,lowe1436,1
1402,1372,flin1247,5
1403,1372,ngad1258,3
1404,1372,dier1241,6
1405,2,n561,0
1406,1405,n560,1
1407,1406,oung1238,1
1408,1406,juho1239,2
1409,2,n562,0
1410,1409,shua1257,2
1411,2,n568,0
1412,1411,n564,1
1413,1412,n563,1
1414,1413,mura1272,1
1415,1413,tyre1237,1
1416,1412,maqu1238,2
1417,1412,akur1238,3
1418,1411,n567,2
1419,1418,enap1235,1
1420,1418,n566,1
1421,1420,macu1259,1
1422,1420,n565,1
1423,1422,cama1252,1
1424,1422,taul1252,1
1425,1411,kuik1246,3
1426,1411,baka1277,2
1427,2,n569,0
1428,1427,gunn1248,1
1429,1427,gunn1247,1
1430,2,n575,0
1431,1430,n573,1
1432,1431,n571,1
1433,1432,n570,1
1434,1433,para1316,1
1435,1433,wayu1243,1
1436,1432,araw1276,1
1437,1432,gari1256,2
1438,1431,n572,3
1439,1438,curr1243,3
1440,1438,piap1246,2
1441,1430,n574,1
1442,1441,asha1243,5
1443,1441,yine1238,3
1444,1430,pare1272,3
1445,1430,pali1279,2
1446,2,n578,0
1447,1446,n577,1
1448,1447,kamo1255,2
1449,1447,n576,3
1450,1449,ngal1298,1
1451,1449,sout2940,2
1452,1446,midg1235,4
1453,1446,enga1252,3
1454,1446,orok1269,6
1455,1446,ekar1243,2
1456,1446,fore1270,5
1457,2,n581,0
1458,1457,n580,1
1459,1458,n579,1
1460,1459,koal1240,1
1461,1459,otor1240,2
1462,1458,moro1285,2
1463,1457,kooo1244,2
1464,2,n586,0
1465,1464,n583,1
1466,1465,n582,1
1467,1466,huau1238,4
1468,1466,yala1267,5
1469,1465,nort2986,6
1470,1464,n585,2
1471,1470,n584,1
1472,1471,chic1272,1
1473,1471,mezq1235,4
1474,1470,chil1282,4
1475,2,n587,0
1476,1475,humb1243,1
1477,1475,zarm1239,2
1478,2,n589,0
1479,1478,n588,1
1480,1479,esto1258,1
1481,1479,ingr1248,1
1482,1479,livv1244,1
1483,1479,livv1243,2
1484,1478,hung1274,1
1485,1478,mans1258,1
1486,1478,khan1273,3
1487,1478,east2328,2
1488,1478,erzy1239,2
1489,1478,ngan1291,2
1490,2,n590,0
1491,1490,yele1255,1
1492,2,n591,0
1493,1492,qawa1238,2
1494,2,n592,0
1495,1494,kala1381,5
1496,2,n593,0
1497,1496,piar1243,3
1498,2,n603,0
1499,1498,n602,1
1500,1499,n601,1
1501,1500,n597,1
1502,1501,kiow1264,1
1503,1501,n596,1
1504,1503,n594,1
1505,1504,jica1244,1
1506,1504,lipa1241,1
1507,1503,n595,1
1508,1507,mesc1238,1
1509,1507,nava1243,1
1510,1507,west2615,1
1511,1500,n599,1
1512,1511,beav1236,1
1513,1511,n598,1
1514,1513,carr1249,1
1515,1513,sout2958,1
1516,1511,chil1280,1
1517,1511,chip1261,1
1518,1511,dege1248,1
1519,1511,gwic1235,1
1520,1511,hann1241,1
1521,1511,holi1241,1
1522,1511,koyu1237,1
1523,1511,dogr1252,2
1524,1511,kask1239,2
1525,1500,n600,2
1526,1525,hupa1239,1
1527,1525,matt1238,1
1528,1499,eyak1241,1
1529,2,n606,0
1530,1529,n605,1
1531,1530,n604,1
1532,1531,apin1244,1
1533,1531,cane1242,2
1534,1530,acro1239,2
1535,1529,kara1500,1
1536,1529,kren1239,2
1537,2,n607,0
1538,1537,onaa1245,2
1539,2,n609,0
1540,1539,n608,1
1541,1540,chuk1273,1
1542,1540,kory1246,1
1543,1539,itel1242,1
1544,2,n610,0
1545,1544,murr1258,1
1546,2,n611,0
1547,1546,lard1243,1
1548,1546,kaya1319,3
1549,2,n613,0
1550,1549,n612,1
1551,1550,aari1239,2
1552,1550,hame1242,2
1553,1549,dime1235,1
1554,2,n614,0
1555,1554,cruz1243,2
1556,2,n616,0
1557,1556,cadd1256,1
1558,1556,n615,3
1559,1558,arik1262,1
1560,1558,pawn1254,1
1561,2,n617,0
1562,1561,nise1244,1
1563,2,n618,0
1564,1563,chac1249,2
1565,2,n619,0
1566,1565,alse1251,1
1567,2,n620,0
1568,1567,amas1236,1
1569,2,n621,0
1570,1569,bana1292,1
1571,2,n622,0
1572,1571,calu1239,1
1573,2,n623,0
1574,1573,chim1301,1
1575,2,n624,0
1576,1575,chit1248,1
1577,2,n625,0
1578,1577,chon1248,1
1579,2,n626,0
1580,1579,coah1252,1
1581,2,n627,0
1582,1581,coos1249,1
1583,2,n628,0
1584,1583,furr1244,1
1585,2,n629,0
1586,1585,gaga1251,1
1587,2,n630,0
1588,1587,guai1237,1
1589,2,n631,0
1590,1589,guat1253,1
1591,2,n632,0
1592,1591,hadz1240,1
1593,2,n633,0
1594,1593,high1242,1
1595,2,n634,0
1596,1595,kara1289,1
1597,2,n635,0
1598,1597,karo1304,1
1599,2,n636,0
1600,1599,klam1254,1
1601,2,n637,0
1602,1601,kute1249,1
1603,2,n638,0
1604,1603,lara1258,1
1605,2,n639,0
1606,1605,mull1237,1
1607,2,n640,0
1608,1607,natc1249,1
1609,2,n641,0
1610,1609,nort2938,1
1611,2,n642,0
1612,1611,paez1247,1
1613,2,n643,0
1614,1613,pume1238,1
1615,2,n644,0
1616,1615,pura1257,1
1617,2,n645,0
1618,1617,sali1253,1
1619,2,n646,0
1620,1619,sand1273,1
1621,2,n647,0
1622,1621,seri1257,1
1623,2,n648,0
1624,1623,shom1245,1
1625,2,n649,0
1626,1625,sius1254,1
1627,2,n650,0
1628,1627,sout1439,1
1629,2,n651,0
1630,1629,take1257,1
1631,2,n652,0
1632,1631,timu1245,1
1633,2,n653,0
1634,1633,tiwi1244,1
1635,2,n654,0
1636,1635,toll1241,1
1637,2,n655,0
1638,1637,trum1247,1
1639,2,n656,0
1640,1639,wara1303,1
1641,2,n657,0
1642,1641,wash1253,1
1643,2,n658,0
1644,1643,yama1264,1
1645,2,n659,0
1646,1645,yuch1247,1
1647,2,n660,0
1648,1647,zuni1245,1
